# find . -type f | sort | sed 's/^..//' > resource_files.csv
# path;paletteNr;width;height;tabFile;tabOffset
GEODATA/BACKPALS.DAT;;;;;
GEODATA/BIGLETS.DAT;;;;;
GEODATA/COS.DAT;;;;;
GEODATA/ENGLISH.DAT;;;;;
GEODATA/ENGLISH2.DAT;;;;;
GEODATA/FRENCH.DAT;;;;;
GEODATA/FRENCH2.DAT;;;;;
GEODATA/GERMAN.DAT;;;;;
GEODATA/GERMAN2.DAT;;;;;
GEODATA/INTERWIN.DAT;;;;;
GEODATA/LANG1.DAT;;;;;
GEODATA/LANG2.DAT;;;;;
GEODATA/LOFTEMPS.DAT;;;;;
GEODATA/OBDATA.DAT;;;;;
GEODATA/PALETTES.DAT;;;;;
GEODATA/SCANG.DAT;;;;;
GEODATA/SINE.DAT;;;;;
GEODATA/SMALLSET.DAT;;;;;
GEODATA/WORLD.DAT;;;;;
GEOGRAPH/BACK01.SCR;0;320;200;;0
GEOGRAPH/BACK02.SCR;4;320;200;;0
GEOGRAPH/BACK03.SCR;3;320;200;;0
GEOGRAPH/BACK04.SCR;4;320;200;;0
GEOGRAPH/BACK05.SCR;3;320;200;;0
GEOGRAPH/BACK06.SCR;4;320;200;;0
GEOGRAPH/BACK07.SCR;4;320;200;;0
GEOGRAPH/BACK08.SCR;4;320;200;;0
GEOGRAPH/BACK09.SCR;4;320;200;;0
GEOGRAPH/BACK10.SCR;0;320;200;;0
GEOGRAPH/BACK11.SCR;4;320;200;;0
GEOGRAPH/BACK12.SCR;0;320;200;;0
GEOGRAPH/BACK13.SCR;3;320;200;;0
GEOGRAPH/BACK14.SCR;3;320;200;;0
GEOGRAPH/BACK15.SCR;0;320;200;;0
GEOGRAPH/BACK16.SCR;0;320;200;;0
GEOGRAPH/BACK17.SCR;1;320;200;;0
GEOGRAPH/BASEBITS.PCK;1;32;40;GEOGRAPH/BASEBITS.TAB;2
GEOGRAPH/BASEBITS.TAB;;;;;
GEOGRAPH/DP_PREFS;;;;;
GEOGRAPH/GEOBORD.SCR;0;320;200;;0
GEOGRAPH/GRAPHS.SPK;;;;;
GEOGRAPH/INTICON.PCK;0;32;40;GEOGRAPH/INTICON.TAB;2
GEOGRAPH/INTICON.TAB;;;;;
GEOGRAPH/TEXTURE.DAT;;;;;
GEOGRAPH/UP001.SPK;3;320;200;;0
GEOGRAPH/UP002.SPK;3;320;200;;0
GEOGRAPH/UP003.SPK;3;320;200;;0
GEOGRAPH/UP004.SPK;3;320;200;;0
GEOGRAPH/UP005.SPK;3;320;200;;0
GEOGRAPH/UP006.SPK;3;320;200;;0
GEOGRAPH/UP007.SPK;3;320;200;;0
GEOGRAPH/UP008.SPK;3;320;200;;0
GEOGRAPH/UP009.SPK;3;320;200;;0
GEOGRAPH/UP010.SPK;3;320;200;;0
GEOGRAPH/UP011.SPK;3;320;200;;0
GEOGRAPH/UP012.SPK;3;320;200;;0
GEOGRAPH/UP013.SPK;3;320;200;;0
GEOGRAPH/UP014.SPK;3;320;200;;0
GEOGRAPH/UP015.SPK;3;320;200;;0
GEOGRAPH/UP016.SPK;3;320;200;;0
GEOGRAPH/UP017.SPK;3;320;200;;0
GEOGRAPH/UP018.SPK;3;320;200;;0
GEOGRAPH/UP019.SPK;3;320;200;;0
GEOGRAPH/UP020.SPK;3;320;200;;0
GEOGRAPH/UP021.SPK;3;320;200;;0
GEOGRAPH/UP022.SPK;3;320;200;;0
GEOGRAPH/UP023.SPK;3;320;200;;0
GEOGRAPH/UP024.SPK;3;320;200;;0
GEOGRAPH/UP025.SPK;3;320;200;;0
GEOGRAPH/UP026.SPK;3;320;200;;0
GEOGRAPH/UP027.SPK;3;320;200;;0
GEOGRAPH/UP028.SPK;3;320;200;;0
GEOGRAPH/UP029.SPK;3;320;200;;0
GEOGRAPH/UP030.SPK;3;320;200;;0
GEOGRAPH/UP031.SPK;3;320;200;;0
GEOGRAPH/UP032.SPK;3;320;200;;0
GEOGRAPH/UP033.SPK;3;320;200;;0
GEOGRAPH/UP034.SPK;3;320;200;;0
GEOGRAPH/UP035.SPK;3;320;200;;0
GEOGRAPH/UP036.SPK;3;320;200;;0
GEOGRAPH/UP037.SPK;3;320;200;;0
GEOGRAPH/UP038.SPK;3;320;200;;0
GEOGRAPH/UP039.SPK;3;320;200;;0
GEOGRAPH/UP040.SPK;3;320;200;;0
GEOGRAPH/UP041.SPK;3;320;200;;0
GEOGRAPH/UP042.SPK;3;320;200;;0
GEOGRAPH/UP_BORD1.SPK;;;;;
GEOGRAPH/UP_BORD2.SCR;;;;;
GEOGRAPH/UP_BORD2.SPK;;;;;
GEOGRAPH/UP_BORD3.SPK;;;;;
GO.BAT;;;;;
GO.COM;;;;;
INTR.O;;;;;
INTRO.EXE;;;;;
MAPS/AVENGER.MAP;;;;;
MAPS/CULTA00.MAP;;;;;
MAPS/CULTA01.MAP;;;;;
MAPS/CULTA02.MAP;;;;;
MAPS/CULTA03.MAP;;;;;
MAPS/CULTA04.MAP;;;;;
MAPS/CULTA05.MAP;;;;;
MAPS/CULTA06.MAP;;;;;
MAPS/CULTA07.MAP;;;;;
MAPS/CULTA08.MAP;;;;;
MAPS/CULTA09.MAP;;;;;
MAPS/CULTA10.MAP;;;;;
MAPS/CULTA11.MAP;;;;;
MAPS/CULTA12.MAP;;;;;
MAPS/CULTA13.MAP;;;;;
MAPS/CULTA14.MAP;;;;;
MAPS/CULTA15.MAP;;;;;
MAPS/CULTA16.MAP;;;;;
MAPS/CULTA17.MAP;;;;;
MAPS/CULTA18.MAP;;;;;
MAPS/DESERT00.MAP;;;;;
MAPS/DESERT01.MAP;;;;;
MAPS/DESERT02.MAP;;;;;
MAPS/DESERT03.MAP;;;;;
MAPS/DESERT04.MAP;;;;;
MAPS/DESERT05.MAP;;;;;
MAPS/DESERT06.MAP;;;;;
MAPS/DESERT07.MAP;;;;;
MAPS/DESERT08.MAP;;;;;
MAPS/DESERT09.MAP;;;;;
MAPS/DESERT10.MAP;;;;;
MAPS/DESERT11.MAP;;;;;
MAPS/FOREST00.MAP;;;;;
MAPS/FOREST01.MAP;;;;;
MAPS/FOREST02.MAP;;;;;
MAPS/FOREST03.MAP;;;;;
MAPS/FOREST04.MAP;;;;;
MAPS/FOREST05.MAP;;;;;
MAPS/FOREST06.MAP;;;;;
MAPS/FOREST07.MAP;;;;;
MAPS/FOREST08.MAP;;;;;
MAPS/FOREST09.MAP;;;;;
MAPS/FOREST10.MAP;;;;;
MAPS/FOREST11.MAP;;;;;
MAPS/GEODATA.DAT;;;;;
MAPS/JUNGLE00.MAP;;;;;
MAPS/JUNGLE01.MAP;;;;;
MAPS/JUNGLE02.MAP;;;;;
MAPS/JUNGLE03.MAP;;;;;
MAPS/JUNGLE04.MAP;;;;;
MAPS/JUNGLE05.MAP;;;;;
MAPS/JUNGLE06.MAP;;;;;
MAPS/JUNGLE07.MAP;;;;;
MAPS/JUNGLE08.MAP;;;;;
MAPS/JUNGLE09.MAP;;;;;
MAPS/JUNGLE10.MAP;;;;;
MAPS/JUNGLE11.MAP;;;;;
MAPS/LIGHTNIN.MAP;;;;;
MAPS/MAP3.MAP;;;;;
MAPS/MAP4.MAP;;;;;
MAPS/MARS00.MAP;;;;;
MAPS/MARS01.MAP;;;;;
MAPS/MARS02.MAP;;;;;
MAPS/MARS03.MAP;;;;;
MAPS/MARS04.MAP;;;;;
MAPS/MARS05.MAP;;;;;
MAPS/MARS06.MAP;;;;;
MAPS/MARS07.MAP;;;;;
MAPS/MARS08.MAP;;;;;
MAPS/MARS09.MAP;;;;;
MAPS/MARS10.MAP;;;;;
MAPS/MOUNT00.MAP;;;;;
MAPS/MOUNT01.MAP;;;;;
MAPS/MOUNT02.MAP;;;;;
MAPS/MOUNT03.MAP;;;;;
MAPS/MOUNT04.MAP;;;;;
MAPS/MOUNT05.MAP;;;;;
MAPS/MOUNT06.MAP;;;;;
MAPS/MOUNT07.MAP;;;;;
MAPS/MOUNT08.MAP;;;;;
MAPS/MOUNT09.MAP;;;;;
MAPS/MOUNT10.MAP;;;;;
MAPS/MOUNT11.MAP;;;;;
MAPS/MOUNT12.MAP;;;;;
MAPS/PABDUCT.MAP;;;;;
MAPS/PHARVEST.MAP;;;;;
MAPS/PLANE.MAP;;;;;
MAPS/POLAR00.MAP;;;;;
MAPS/POLAR01.MAP;;;;;
MAPS/POLAR02.MAP;;;;;
MAPS/POLAR03.MAP;;;;;
MAPS/POLAR04.MAP;;;;;
MAPS/POLAR05.MAP;;;;;
MAPS/POLAR06.MAP;;;;;
MAPS/POLAR07.MAP;;;;;
MAPS/POLAR08.MAP;;;;;
MAPS/POLAR09.MAP;;;;;
MAPS/POLAR10.MAP;;;;;
MAPS/POLAR11.MAP;;;;;
MAPS/POLAR12.MAP;;;;;
MAPS/POLAR13.MAP;;;;;
MAPS/PSCOUT.MAP;;;;;
MAPS/TEMP.MAP;;;;;
MAPS/TEMP1.MAP;;;;;
MAPS/TEMP2.MAP;;;;;
MAPS/TEMP3.MAP;;;;;
MAPS/UBASE_00.MAP;;;;;
MAPS/UBASE_00.RMP;;;;;
MAPS/UBASE_01.MAP;;;;;
MAPS/UBASE_01.RMP;;;;;
MAPS/UBASE_02.MAP;;;;;
MAPS/UBASE_02.RMP;;;;;
MAPS/UBASE_03.MAP;;;;;
MAPS/UBASE_03.RMP;;;;;
MAPS/UBASE_04.MAP;;;;;
MAPS/UBASE_04.RMP;;;;;
MAPS/UBASE_05.MAP;;;;;
MAPS/UBASE_05.RMP;;;;;
MAPS/UBASE_06.MAP;;;;;
MAPS/UBASE_06.RMP;;;;;
MAPS/UBASE_07.MAP;;;;;
MAPS/UBASE_07.RMP;;;;;
MAPS/UBASE_08.MAP;;;;;
MAPS/UBASE_08.RMP;;;;;
MAPS/UBASE_09.MAP;;;;;
MAPS/UBASE_09.RMP;;;;;
MAPS/UBASE_10.MAP;;;;;
MAPS/UBASE_10.RMP;;;;;
MAPS/UBASE_11.MAP;;;;;
MAPS/UBASE_11.RMP;;;;;
MAPS/UBASE_12.MAP;;;;;
MAPS/UBASE_12.RMP;;;;;
MAPS/UBASE_13.MAP;;;;;
MAPS/UBASE_13.RMP;;;;;
MAPS/UBASE_14.MAP;;;;;
MAPS/UBASE_14.RMP;;;;;
MAPS/UBASE_15.MAP;;;;;
MAPS/UBASE_15.RMP;;;;;
MAPS/UFO1A.MAP;;;;;
MAPS/UFO1B.MAP;;;;;
MAPS/UFO_000.MAP;;;;;
MAPS/UFO_010.MAP;;;;;
MAPS/UFO_110.MAP;;;;;
MAPS/UFO_120.MAP;;;;;
MAPS/UFO_130.MAP;;;;;
MAPS/UFO_140.MAP;;;;;
MAPS/UFO_150.MAP;;;;;
MAPS/UFO_160.MAP;;;;;
MAPS/UFO_170.MAP;;;;;
MAPS/URBAN00.MAP;;;;;
MAPS/URBAN01.MAP;;;;;
MAPS/URBAN02.MAP;;;;;
MAPS/URBAN03.MAP;;;;;
MAPS/URBAN04.MAP;;;;;
MAPS/URBAN05.MAP;;;;;
MAPS/URBAN06.MAP;;;;;
MAPS/URBAN07.MAP;;;;;
MAPS/URBAN08.MAP;;;;;
MAPS/URBAN09.MAP;;;;;
MAPS/URBAN14.MAP;;;;;
MAPS/URBAN15.MAP;;;;;
MAPS/URBAN16.MAP;;;;;
MAPS/URBAN17.MAP;;;;;
MAPS/URBAN18.MAP;;;;;
MAPS/XBASE_00.MAP;;;;;
MAPS/XBASE_00.RMP;;;;;
MAPS/XBASE_01.MAP;;;;;
MAPS/XBASE_01.RMP;;;;;
MAPS/XBASE_02.MAP;;;;;
MAPS/XBASE_02.RMP;;;;;
MAPS/XBASE_03.MAP;;;;;
MAPS/XBASE_03.RMP;;;;;
MAPS/XBASE_04.MAP;;;;;
MAPS/XBASE_04.RMP;;;;;
MAPS/XBASE_05.MAP;;;;;
MAPS/XBASE_05.RMP;;;;;
MAPS/XBASE_06.MAP;;;;;
MAPS/XBASE_06.RMP;;;;;
MAPS/XBASE_07.MAP;;;;;
MAPS/XBASE_07.RMP;;;;;
MAPS/XBASE_08.MAP;;;;;
MAPS/XBASE_08.RMP;;;;;
MAPS/XBASE_09.MAP;;;;;
MAPS/XBASE_09.RMP;;;;;
MAPS/XBASE_10.MAP;;;;;
MAPS/XBASE_10.RMP;;;;;
MAPS/XBASE_11.MAP;;;;;
MAPS/XBASE_11.RMP;;;;;
MAPS/XBASE_12.MAP;;;;;
MAPS/XBASE_12.RMP;;;;;
MAPS/XBASE_13.MAP;;;;;
MAPS/XBASE_13.RMP;;;;;
MAPS/XBASE_14.MAP;;;;;
MAPS/XBASE_14.RMP;;;;;
MAPS/XBASE_15.MAP;;;;;
MAPS/XBASE_15.RMP;;;;;
MAPS/XBASE_16.MAP;;;;;
MAPS/XBASE_16.RMP;;;;;
MAPS/XBASE_17.MAP;;;;;
MAPS/XBASE_17.RMP;;;;;
MAPS/XBASE_18.MAP;;;;;
MAPS/XBASE_18.RMP;;;;;
MAPS/XBASE_19.MAP;;;;;
MAPS/XBASE_19.RMP;;;;;
MAPS/XBASE_20.MAP;;;;;
MAPS/XBASE_20.RMP;;;;;
MISSDAT/ACTS.DAT;;;;;
MISSDAT/AKNOW.DAT;;;;;
MISSDAT/ALIEN.DAT;;;;;
MISSDAT/ASTORE.DAT;;;;;
MISSDAT/BASE.DAT;;;;;
MISSDAT/BPROD.DAT;;;;;
MISSDAT/CODE.DAT;;;;;
MISSDAT/CRAFT.DAT;;;;;
MISSDAT/DIPLOM.DAT;;;;;
MISSDAT/DIRECT.DAT;;;;;
MISSDAT/DUM.BIN;;;;;
MISSDAT/FACIL.DAT;;;;;
MISSDAT/GEODATA.DAT;;;;;
MISSDAT/IGLOB.DAT;;;;;
MISSDAT/INTER.DAT;;;;;
MISSDAT/LEASE.DAT;;;;;
MISSDAT/LIGLOB.DAT;;;;;
MISSDAT/LOC.DAT;;;;;
MISSDAT/MISSION.DAT;;;;;
MISSDAT/MISSION2.DAT;;;;;
MISSDAT/MISSIONS.DAT;;;;;
MISSDAT/OBPOS2.DAT;;;;;
MISSDAT/OBPOSREF.DAT;;;;;
MISSDAT/OPTION.DAT;;;;;
MISSDAT/PRODUCT.DAT;;;;;
MISSDAT/PROJECT.DAT;;;;;
MISSDAT/PURCHASE.DAT;;;;;
MISSDAT/RESEARCH.DAT;;;;;
MISSDAT/SAVEINFO.DAT;;;;;
MISSDAT/SOLDIER.DAT;;;;;
MISSDAT/TRANSFER.DAT;;;;;
MISSDAT/UIGLOB.DAT;;;;;
MISSDAT/UNIPOS.DAT;;;;;
MISSDAT/UNIREF.DAT;;;;;
MISSDAT/UNIREF2.DAT;;;;;
MISSDAT/UNITPOS.DAT;;;;;
MISSDAT/UP.DAT;;;;;
MISSDAT/XBASES.DAT;;;;;
MISSDAT/XCOM.DAT;;;;;
MISSDAT/ZONAL.DAT;;;;;
MPSCOPY.EXE;;;;;
MVOL.DAT;;;;;
NEWXCOM.BAT;;;;;
README.TXT;;;;;
ROUTES/AVENGER.RMP;;;;;
ROUTES/CULTA00.RMP;;;;;
ROUTES/CULTA01.RMP;;;;;
ROUTES/CULTA02.RMP;;;;;
ROUTES/CULTA03.RMP;;;;;
ROUTES/CULTA04.RMP;;;;;
ROUTES/CULTA05.RMP;;;;;
ROUTES/CULTA06.RMP;;;;;
ROUTES/CULTA07.RMP;;;;;
ROUTES/CULTA08.RMP;;;;;
ROUTES/CULTA09.RMP;;;;;
ROUTES/CULTA10.RMP;;;;;
ROUTES/CULTA11.RMP;;;;;
ROUTES/CULTA12.RMP;;;;;
ROUTES/CULTA13.RMP;;;;;
ROUTES/CULTA14.RMP;;;;;
ROUTES/CULTA15.RMP;;;;;
ROUTES/CULTA16.RMP;;;;;
ROUTES/CULTA17.RMP;;;;;
ROUTES/CULTA18.RMP;;;;;
ROUTES/DESERT00.RMP;;;;;
ROUTES/DESERT01.RMP;;;;;
ROUTES/DESERT02.RMP;;;;;
ROUTES/DESERT03.RMP;;;;;
ROUTES/DESERT04.RMP;;;;;
ROUTES/DESERT05.RMP;;;;;
ROUTES/DESERT06.RMP;;;;;
ROUTES/DESERT07.RMP;;;;;
ROUTES/DESERT08.RMP;;;;;
ROUTES/DESERT09.RMP;;;;;
ROUTES/DESERT10.RMP;;;;;
ROUTES/DESERT11.RMP;;;;;
ROUTES/FOREST00.RMP;;;;;
ROUTES/FOREST01.RMP;;;;;
ROUTES/FOREST02.RMP;;;;;
ROUTES/FOREST03.RMP;;;;;
ROUTES/FOREST04.RMP;;;;;
ROUTES/FOREST05.RMP;;;;;
ROUTES/FOREST06.RMP;;;;;
ROUTES/FOREST07.RMP;;;;;
ROUTES/FOREST08.RMP;;;;;
ROUTES/FOREST09.RMP;;;;;
ROUTES/FOREST10.RMP;;;;;
ROUTES/FOREST11.RMP;;;;;
ROUTES/JUNGLE00.RMP;;;;;
ROUTES/JUNGLE01.RMP;;;;;
ROUTES/JUNGLE02.RMP;;;;;
ROUTES/JUNGLE03.RMP;;;;;
ROUTES/JUNGLE04.RMP;;;;;
ROUTES/JUNGLE05.RMP;;;;;
ROUTES/JUNGLE06.RMP;;;;;
ROUTES/JUNGLE07.RMP;;;;;
ROUTES/JUNGLE08.RMP;;;;;
ROUTES/JUNGLE09.RMP;;;;;
ROUTES/JUNGLE10.RMP;;;;;
ROUTES/JUNGLE11.RMP;;;;;
ROUTES/LIGHTNIN.RMP;;;;;
ROUTES/MARS00.RMP;;;;;
ROUTES/MARS01.RMP;;;;;
ROUTES/MARS02.RMP;;;;;
ROUTES/MARS03.RMP;;;;;
ROUTES/MARS04.RMP;;;;;
ROUTES/MARS05.RMP;;;;;
ROUTES/MARS06.RMP;;;;;
ROUTES/MARS07.RMP;;;;;
ROUTES/MARS08.RMP;;;;;
ROUTES/MARS09.RMP;;;;;
ROUTES/MARS10.RMP;;;;;
ROUTES/MOUNT00.RMP;;;;;
ROUTES/MOUNT01.RMP;;;;;
ROUTES/MOUNT02.RMP;;;;;
ROUTES/MOUNT03.RMP;;;;;
ROUTES/MOUNT04.RMP;;;;;
ROUTES/MOUNT05.RMP;;;;;
ROUTES/MOUNT06.RMP;;;;;
ROUTES/MOUNT07.RMP;;;;;
ROUTES/MOUNT08.RMP;;;;;
ROUTES/MOUNT09.RMP;;;;;
ROUTES/MOUNT10.RMP;;;;;
ROUTES/MOUNT11.RMP;;;;;
ROUTES/MOUNT12.RMP;;;;;
ROUTES/PLANE.RMP;;;;;
ROUTES/POLAR00.RMP;;;;;
ROUTES/POLAR01.RMP;;;;;
ROUTES/POLAR02.RMP;;;;;
ROUTES/POLAR03.RMP;;;;;
ROUTES/POLAR04.RMP;;;;;
ROUTES/POLAR05.RMP;;;;;
ROUTES/POLAR06.RMP;;;;;
ROUTES/POLAR07.RMP;;;;;
ROUTES/POLAR08.RMP;;;;;
ROUTES/POLAR09.RMP;;;;;
ROUTES/POLAR10.RMP;;;;;
ROUTES/POLAR11.RMP;;;;;
ROUTES/POLAR12.RMP;;;;;
ROUTES/POLAR13.RMP;;;;;
ROUTES/TEMP.RMP;;;;;
ROUTES/TEMP1.RMP;;;;;
ROUTES/TEMP2.RMP;;;;;
ROUTES/TEMP3.RMP;;;;;
ROUTES/UBASE_00.RMP;;;;;
ROUTES/UBASE_01.RMP;;;;;
ROUTES/UBASE_02.RMP;;;;;
ROUTES/UBASE_03.RMP;;;;;
ROUTES/UBASE_04.RMP;;;;;
ROUTES/UBASE_05.RMP;;;;;
ROUTES/UBASE_06.RMP;;;;;
ROUTES/UBASE_07.RMP;;;;;
ROUTES/UBASE_08.RMP;;;;;
ROUTES/UBASE_09.RMP;;;;;
ROUTES/UBASE_10.RMP;;;;;
ROUTES/UBASE_11.RMP;;;;;
ROUTES/UBASE_12.RMP;;;;;
ROUTES/UBASE_13.RMP;;;;;
ROUTES/UBASE_14.RMP;;;;;
ROUTES/UBASE_15.RMP;;;;;
ROUTES/UFO1A.RMP;;;;;
ROUTES/UFO_000.RMP;;;;;
ROUTES/UFO_010.RMP;;;;;
ROUTES/UFO_110.RMP;;;;;
ROUTES/UFO_120.RMP;;;;;
ROUTES/UFO_130.RMP;;;;;
ROUTES/UFO_140.RMP;;;;;
ROUTES/UFO_150.RMP;;;;;
ROUTES/UFO_160.RMP;;;;;
ROUTES/UFO_170.RMP;;;;;
ROUTES/URBAN00.RMP;;;;;
ROUTES/URBAN01.RMP;;;;;
ROUTES/URBAN02.RMP;;;;;
ROUTES/URBAN03.RMP;;;;;
ROUTES/URBAN04.RMP;;;;;
ROUTES/URBAN05.RMP;;;;;
ROUTES/URBAN06.RMP;;;;;
ROUTES/URBAN07.RMP;;;;;
ROUTES/URBAN08.RMP;;;;;
ROUTES/URBAN09.RMP;;;;;
ROUTES/URBAN14.RMP;;;;;
ROUTES/URBAN15.RMP;;;;;
ROUTES/URBAN16.RMP;;;;;
ROUTES/URBAN17.RMP;;;;;
ROUTES/URBAN18.RMP;;;;;
ROUTES/XBASE_00.RMP;;;;;
ROUTES/XBASE_01.RMP;;;;;
ROUTES/XBASE_02.RMP;;;;;
ROUTES/XBASE_03.RMP;;;;;
ROUTES/XBASE_04.RMP;;;;;
ROUTES/XBASE_05.RMP;;;;;
ROUTES/XBASE_06.RMP;;;;;
ROUTES/XBASE_07.RMP;;;;;
ROUTES/XBASE_08.RMP;;;;;
ROUTES/XBASE_09.RMP;;;;;
ROUTES/XBASE_10.RMP;;;;;
ROUTES/XBASE_11.RMP;;;;;
ROUTES/XBASE_12.RMP;;;;;
ROUTES/XBASE_13.RMP;;;;;
ROUTES/XBASE_14.RMP;;;;;
ROUTES/XBASE_15.RMP;;;;;
ROUTES/XBASE_16.RMP;;;;;
ROUTES/XBASE_17.RMP;;;;;
ROUTES/XBASE_18.RMP;;;;;
ROUTES/XBASE_19.RMP;;;;;
ROUTES/XBASE_20.RMP;;;;;
RUNEXE/RUN.EXE;;;;;
SETUP.EXE;;;;;
SOUND.CFG;;;;;
SOUND/ADLIB.CAT;;;;;
SOUND/AINTRO.CAT;;;;;
SOUND/DRIVERS.CAT;;;;;
SOUND/GM.CAT;;;;;
SOUND/INTRO.CAT;;;;;
SOUND/LAPC1.PAT;;;;;
SOUND/MUSIC.COM;;;;;
SOUND/RINTRO.CAT;;;;;
SOUND/ROLAND.CAT;;;;;
SOUND/SAMPLE.CAT;;;;;
SOUND/SAMPLE2.CAT;;;;;
SOUND/SAMPLE3.CAT;;;;;
SOUND/SNDEND.EXE;;;;;
SOUND/SNDSTART.EXE;;;;;
SOUND/SOUND.CFG;;;;;
SOUND/SOUND1.CAT;;;;;
SOUND/SOUND2.CAT;;;;;
SOUND/SOUNDRV.COM;;;;;
SOUND/VECTOR.COM;;;;;
TERRAIN/AVENGER.MCD;;;;;
TERRAIN/AVENGER.PCK;;;;;
TERRAIN/AVENGER.TAB;;;;;
TERRAIN/BARN.MCD;;;;;
TERRAIN/BARN.PCK;;;;;
TERRAIN/BARN.TAB;;;;;
TERRAIN/BLANKS.MCD;;;;;
TERRAIN/BLANKS.PCK;;;;;
TERRAIN/BLANKS.TAB;;;;;
TERRAIN/BRAIN.MCD;;;;;
TERRAIN/BRAIN.PCK;;;;;
TERRAIN/BRAIN.TAB;;;;;
TERRAIN/CULTIVAT.MCD;;;;;
TERRAIN/CULTIVAT.PCK;;;;;
TERRAIN/CULTIVAT.TAB;;;;;
TERRAIN/DESERT.MCD;;;;;
TERRAIN/DESERT.PCK;;;;;
TERRAIN/DESERT.TAB;;;;;
TERRAIN/FOREST.MCD;;;;;
TERRAIN/FOREST.PCK;;;;;
TERRAIN/FOREST.TAB;;;;;
TERRAIN/FRNITURE.MCD;;;;;
TERRAIN/FRNITURE.PCK;;;;;
TERRAIN/FRNITURE.TAB;;;;;
TERRAIN/JUNGLE.MCD;;;;;
TERRAIN/JUNGLE.PCK;;;;;
TERRAIN/JUNGLE.TAB;;;;;
TERRAIN/LIGHTNIN.MCD;;;;;
TERRAIN/LIGHTNIN.PCK;;;;;
TERRAIN/LIGHTNIN.TAB;;;;;
TERRAIN/MARS.MCD;;;;;
TERRAIN/MARS.PCK;;;;;
TERRAIN/MARS.TAB;;;;;
TERRAIN/MOUNT.MCD;;;;;
TERRAIN/MOUNT.PCK;;;;;
TERRAIN/MOUNT.TAB;;;;;
TERRAIN/PLANE.MCD;;;;;
TERRAIN/PLANE.PCK;;;;;
TERRAIN/PLANE.TAB;;;;;
TERRAIN/POLAR.MCD;;;;;
TERRAIN/POLAR.PCK;;;;;
TERRAIN/POLAR.TAB;;;;;
TERRAIN/ROADS.MCD;;;;;
TERRAIN/ROADS.PCK;;;;;
TERRAIN/ROADS.TAB;;;;;
TERRAIN/UFO1.MCD;;;;;
TERRAIN/UFO1.PCK;;;;;
TERRAIN/UFO1.TAB;;;;;
TERRAIN/URBAN.MCD;;;;;
TERRAIN/URBAN.PCK;;;;;
TERRAIN/URBAN.TAB;;;;;
TERRAIN/URBITS.MCD;;;;;
TERRAIN/URBITS.PCK;;;;;
TERRAIN/URBITS.TAB;;;;;
TERRAIN/U_BASE.MCD;;;;;
TERRAIN/U_BASE.PCK;;;;;
TERRAIN/U_BASE.TAB;;;;;
TERRAIN/U_BITS.MCD;;;;;
TERRAIN/U_BITS.PCK;;;;;
TERRAIN/U_BITS.TAB;;;;;
TERRAIN/U_DISEC2.MCD;;;;;
TERRAIN/U_DISEC2.PCK;;;;;
TERRAIN/U_DISEC2.TAB;;;;;
TERRAIN/U_EXT02.MCD;;;;;
TERRAIN/U_EXT02.PCK;;;;;
TERRAIN/U_EXT02.TAB;;;;;
TERRAIN/U_OPER2.MCD;;;;;
TERRAIN/U_OPER2.PCK;;;;;
TERRAIN/U_OPER2.TAB;;;;;
TERRAIN/U_PODS.MCD;;;;;
TERRAIN/U_PODS.PCK;;;;;
TERRAIN/U_PODS.TAB;;;;;
TERRAIN/U_WALL02.MCD;;;;;
TERRAIN/U_WALL02.PCK;;;;;
TERRAIN/U_WALL02.TAB;;;;;
TERRAIN/XBASE1.MCD;;;;;
TERRAIN/XBASE1.PCK;4;32;40;TERRAIN/XBASE1.TAB;2
TERRAIN/XBASE1.TAB;;;;;
TERRAIN/XBASE2.MCD;;;;;
TERRAIN/XBASE2.PCK;4;32;40;TERRAIN/XBASE2.TAB;2
TERRAIN/XBASE2.TAB;;;;;
UFO/DUM.BIN;;;;;
UFO2EXE/TACTICAL.EXE;;;;;
UFOC.D;;;;;
UFOEXE/BLACK.EXE;;;;;
UFOEXE/GEOSCAPE.EXE;;;;;
UFOGRAPH/BIGOB_00.PCK;1;32;40;;4
UFOGRAPH/BIGOB_01.PCK;1;32;40;;4
UFOGRAPH/BIGOB_02.PCK;1;32;40;;4
UFOGRAPH/BIGOB_03.PCK;1;32;40;;4
UFOGRAPH/BIGOB_04.PCK;1;32;40;;4
UFOGRAPH/BIGOB_05.PCK;1;32;40;;4
UFOGRAPH/BIGOB_06.PCK;1;32;40;;4
UFOGRAPH/BIGOB_07.PCK;1;32;40;;4
UFOGRAPH/BIGOB_08.PCK;1;32;40;;4
UFOGRAPH/BIGOB_09.PCK;1;32;40;;4
UFOGRAPH/BIGOB_10.PCK;1;32;40;;4
UFOGRAPH/BIGOB_11.PCK;1;32;40;;4
UFOGRAPH/BIGOB_12.PCK;1;32;40;;4
UFOGRAPH/BIGOB_13.PCK;1;32;40;;4
UFOGRAPH/BIGOB_14.PCK;1;32;40;;4
UFOGRAPH/BIGOB_15.PCK;1;32;40;;4
UFOGRAPH/BIGOB_16.PCK;1;32;40;;4
UFOGRAPH/BIGOB_17.PCK;1;32;40;;4
UFOGRAPH/BIGOB_18.PCK;1;32;40;;4
UFOGRAPH/BIGOB_19.PCK;1;32;40;;4
UFOGRAPH/BIGOB_20.PCK;1;32;40;;4
UFOGRAPH/BIGOB_21.PCK;1;32;40;;4
UFOGRAPH/BIGOB_22.PCK;1;32;40;;4
UFOGRAPH/BIGOB_23.PCK;1;32;40;;4
UFOGRAPH/BIGOB_24.PCK;1;32;40;;4
UFOGRAPH/BIGOB_25.PCK;1;32;40;;4
UFOGRAPH/BIGOB_26.PCK;1;32;40;;4
UFOGRAPH/BIGOB_27.PCK;1;32;40;;4
UFOGRAPH/BIGOB_28.PCK;1;32;40;;4
UFOGRAPH/BIGOB_29.PCK;1;32;40;;4
UFOGRAPH/BIGOB_30.PCK;1;32;40;;4
UFOGRAPH/BIGOB_31.PCK;1;32;40;;4
UFOGRAPH/BIGOB_32.PCK;1;32;40;;4
UFOGRAPH/BIGOB_33.PCK;1;32;40;;4
UFOGRAPH/BIGOB_34.PCK;1;32;40;;4
UFOGRAPH/BIGOB_35.PCK;1;32;40;;4
UFOGRAPH/BIGOB_36.PCK;1;32;40;;4
UFOGRAPH/BIGOB_37.PCK;1;32;40;;4
UFOGRAPH/BIGOB_38.PCK;1;32;40;;4
UFOGRAPH/BIGOB_39.PCK;1;32;40;;4
UFOGRAPH/BIGOB_40.PCK;1;32;40;;4
UFOGRAPH/BIGOB_41.PCK;1;32;40;;4
UFOGRAPH/BIGOB_42.PCK;1;32;40;;4
UFOGRAPH/BIGOB_43.PCK;1;32;40;;4
UFOGRAPH/BIGOB_44.PCK;1;32;40;;4
UFOGRAPH/BIGOB_45.PCK;1;32;40;;4
UFOGRAPH/BIGOB_46.PCK;1;32;40;;4
UFOGRAPH/BIGOB_47.PCK;1;32;40;;4
UFOGRAPH/BIGOB_48.PCK;1;32;40;;4
UFOGRAPH/BIGOB_49.PCK;1;32;40;;4
UFOGRAPH/BIGOB_50.PCK;1;32;40;;4
UFOGRAPH/BIGOB_51.PCK;1;32;40;;4
UFOGRAPH/BIGOB_52.PCK;1;32;40;;4
UFOGRAPH/BIGOB_53.PCK;1;32;40;;4
UFOGRAPH/BIGOB_54.PCK;1;32;40;;4
UFOGRAPH/BIGOB_55.PCK;1;32;40;;4
UFOGRAPH/BIGOB_56.PCK;1;32;40;;4
UFOGRAPH/CURSOR.PCK;;;;;
UFOGRAPH/CURSOR.TAB;;;;;
UFOGRAPH/DETBLOB.DAT;;;;;
UFOGRAPH/DETBORD.PCK;;;;;
UFOGRAPH/DETBORD2.PCK;;;;;
UFOGRAPH/DP_PREFS;;;;;
UFOGRAPH/HIT.PCK;;;;;
UFOGRAPH/HIT.TAB;;;;;
UFOGRAPH/ICONS.PCK;;;;;
UFOGRAPH/INTICON.PCK;;;;;
UFOGRAPH/INTICON.TAB;;;;;
UFOGRAPH/MAN_0F0.SPK;4;32;40;;4
UFOGRAPH/MAN_0F1.SPK;4;32;40;;4
UFOGRAPH/MAN_0F2.SPK;4;32;40;;4
UFOGRAPH/MAN_0F3.SPK;4;32;40;;4
UFOGRAPH/MAN_0M0.SPK;4;32;40;;4
UFOGRAPH/MAN_0M1.SPK;4;32;40;;4
UFOGRAPH/MAN_0M2.SPK;4;32;40;;4
UFOGRAPH/MAN_0M3.SPK;4;32;40;;4
UFOGRAPH/MAN_1F0.SPK;4;32;40;;4
UFOGRAPH/MAN_1F1.SPK;4;32;40;;4
UFOGRAPH/MAN_1F2.SPK;4;32;40;;4
UFOGRAPH/MAN_1F3.SPK;4;32;40;;4
UFOGRAPH/MAN_1M0.SPK;4;32;40;;4
UFOGRAPH/MAN_1M1.SPK;4;32;40;;4
UFOGRAPH/MAN_1M2.SPK;4;32;40;;4
UFOGRAPH/MAN_1M3.SPK;4;32;40;;4
UFOGRAPH/MAN_2.SPK;4;32;40;;4
UFOGRAPH/MAN_3.SPK;4;32;40;;4
UFOGRAPH/MEDIBITS.DAT;;;;;
UFOGRAPH/MEDIBORD.PCK;;;;;
UFOGRAPH/MOC1.LBM;;;;;
UFOGRAPH/SCANBORD.PCK;;;;;
UFOGRAPH/SMOKE.PCK;;;;;
UFOGRAPH/SMOKE.TAB;;;;;
UFOGRAPH/SPICONS.DAT;;;;;
UFOGRAPH/TAC00.SCR;;;;;
UFOGRAPH/TAC01.SCR;;;;;
UFOGRAPH/UNIBORD.PCK;;;;;
UFOGRAPH/X1.PCK;;;;;
UFOGRAPH/X1.TAB;;;;;
UFOINTRO/ADLIB.CAT;;;;;
UFOINTRO/DP_PREFS;;;;;
UFOINTRO/PICT1.LBM;;;;;
UFOINTRO/PICT2.LBM;;;;;
UFOINTRO/PICT3.LBM;;;;;
UFOINTRO/PICT4.LBM;;;;;
UFOINTRO/PICT5.LBM;;;;;
UFOINTRO/PICT6.LBM;;;;;
UFOINTRO/PICT7.LBM;;;;;
UFOINTRO/ROLAND.CAT;;;;;
UFOINTRO/UFOINT.FLI;;;;;
UNITS/BIGOBS.PCK;4;32;40;UNITS/BIGOBS.TAB;2
UNITS/BIGOBS.TAB;;;;;
UNITS/CELATID.PCK;;;;;
UNITS/CELATID.TAB;;;;;
UNITS/CHRYS.PCK;;;;;
UNITS/CHRYS.TAB;;;;;
UNITS/CIVF.PCK;;;;;
UNITS/CIVF.TAB;;;;;
UNITS/CIVM.PCK;;;;;
UNITS/CIVM.TAB;;;;;
UNITS/CYBER.PCK;;;;;
UNITS/CYBER.TAB;;;;;
UNITS/ETHEREAL.PCK;;;;;
UNITS/ETHEREAL.TAB;;;;;
UNITS/FLOATER.PCK;;;;;
UNITS/FLOATER.TAB;;;;;
UNITS/FLOOROB.PCK;;;;;
UNITS/FLOOROB.TAB;;;;;
UNITS/HANDOB.PCK;;;;;
UNITS/HANDOB.TAB;;;;;
UNITS/MUTON.PCK;;;;;
UNITS/MUTON.TAB;;;;;
UNITS/SECTOID.PCK;;;;;
UNITS/SECTOID.TAB;;;;;
UNITS/SILACOID.PCK;;;;;
UNITS/SILACOID.TAB;;;;;
UNITS/SNAKEMAN.PCK;;;;;
UNITS/SNAKEMAN.TAB;;;;;
UNITS/TANKS.PCK;;;;;
UNITS/TANKS.TAB;;;;;
UNITS/XCOM_0.PCK;4;32;40;UNITS/XCOM_0.TAB;2
UNITS/XCOM_0.TAB;;;;;
UNITS/XCOM_1.PCK;4;32;40;UNITS/XCOM_1.TAB;2
UNITS/XCOM_1.TAB;;;;;
UNITS/XCOM_2.PCK;4;32;40;UNITS/XCOM_2.TAB;2
UNITS/XCOM_2.TAB;;;;;
UNITS/X_REAP.PCK;1;32;40;UNITS/X_REAP.TAB;2
UNITS/X_REAP.TAB;;;;;
UNITS/X_ROB.PCK;1;32;40;UNITS/X_ROB.TAB;2
UNITS/X_ROB.TAB;;;;;
UNITS/ZOMBIE.PCK;1;32;40;UNITS/ZOMBIE.TAB;2
UNITS/ZOMBIE.TAB;;;;;
unins000.dat;;;;;
unins000.exe;;;;;
unins000.ini;;;;;
unins000.msg;;;;;